CustomerID,Age,Gender,AnnualIncome,LoanAmount,CreditScore,Defaulted,SavingsBalance,ProductType,Tenure
10001,56,Male,65648,27116,482,0,80378,Home Loan,13
10002,69,Male,123537,42323,340,0,90977,Auto Loan,15
10003,46,Male,145991,19752,850,0,79981,Credit Card,19
10004,32,Female,29516,33376,696,0,76798,Personal Loan,5
10005,60,Male,132863,17669,793,0,30633,Home Loan,3
10006,25,Male,135005,33916,632,0,27552,Credit Card,14
10007,38,Male,22396,14395,426,1,85989,Credit Card,0
10008,56,Female,104082,21421,300,0,40975,Home Loan,6
10009,36,Female,39129,27342,467,0,83166,Home Loan,11
10010,40,Male,148322,5895,318,0,97122,Personal Loan,9
10011,28,Male,21591,12023,631,0,58156,Personal Loan,4
10012,28,Male,31303,11699,755,0,5133,Credit Card,11
10013,41,Male,50561,10715,408,0,17804,Credit Card,17
10014,53,Female,91719,20169,567,0,98320,Home Loan,9
10015,57,Female,138618,17163,744,0,47046,Credit Card,5
10016,41,Female,112108,6782,539,0,7508,Credit Card,11
10017,20,Female,148748,23641,600,0,48791,Home Loan,6
10018,39,Male,119616,19792,402,1,27905,Credit Card,17
10019,19,Male,144165,36585,549,0,36886,Credit Card,1
10020,41,Male,106231,31682,752,0,91409,Auto Loan,9
10021,61,Female,27314,48864,819,0,21327,Personal Loan,14
10022,47,Male,137071,19880,452,0,33540,Home Loan,11
10023,55,Female,39623,39067,473,0,60854,Auto Loan,16
10024,19,Female,87675,43685,642,0,79043,Personal Loan,3
10025,38,Male,132992,19073,730,0,18657,Personal Loan,6
10026,50,Male,116826,37035,623,0,98193,Personal Loan,8
10027,29,Male,85082,38174,719,0,35815,Auto Loan,18
10028,39,Female,149839,25837,784,0,36432,Auto Loan,6
10029,61,Male,103624,18826,711,0,21664,Personal Loan,1
10030,42,Female,125228,25981,383,0,14914,Credit Card,5
10031,66,Male,53130,11382,412,0,14827,Credit Card,17
10032,44,Female,71756,5437,631,0,1446,Auto Loan,5
10033,59,Female,117624,6435,677,0,15193,Auto Loan,12
10034,45,Male,46292,25819,340,0,27741,Auto Loan,18
10035,33,Female,131785,37875,404,0,96290,Personal Loan,1
10036,32,Female,147331,32982,501,0,16040,Credit Card,11
10037,64,Male,106206,34328,749,0,72755,Auto Loan,14
10038,68,Female,89274,13329,565,0,65257,Auto Loan,13
10039,61,Male,22469,26169,509,0,41703,Home Loan,5
10040,69,Female,73947,22932,417,0,25581,Personal Loan,17
10041,20,Male,42534,35594,676,1,62361,Home Loan,4
10042,54,Male,83620,12421,850,1,11850,Credit Card,17
10043,68,Female,68874,46033,839,0,56012,Home Loan,2
10044,24,Female,69708,8629,383,0,57309,Home Loan,2
10045,38,Female,94553,9325,753,0,98057,Home Loan,9
10046,26,Female,88344,29495,813,0,43332,Personal Loan,18
10047,56,Female,69138,32750,686,1,28869,Credit Card,2
10048,35,Male,74302,30619,649,0,32228,Home Loan,11
10049,21,Female,67638,41461,595,0,18076,Personal Loan,15
10050,42,Male,98249,9264,557,1,29501,Credit Card,16
10051,31,Male,125865,13686,380,0,83884,Auto Loan,6
10052,67,Female,22719,47484,567,0,890,Home Loan,12
10053,26,Male,42890,25226,718,1,88035,Credit Card,1
10054,43,Male,97236,7721,534,0,45936,Home Loan,3
10055,19,Male,56509,21609,610,0,12069,Auto Loan,9
10056,37,Male,62534,8373,656,0,13529,Credit Card,6
10057,45,Female,122302,39675,512,0,22990,Personal Loan,16
10058,64,Male,112241,49895,348,0,46375,Credit Card,19
10059,24,Female,38787,29937,426,0,6367,Personal Loan,5
10060,61,Female,146209,6656,522,1,81320,Credit Card,18
10061,25,Male,68845,9984,578,0,9621,Personal Loan,4
10062,64,Female,77932,30984,707,0,2039,Auto Loan,9
10063,52,Female,112124,9286,804,0,91524,Auto Loan,8
10064,31,Female,111659,6901,593,0,17527,Auto Loan,12
10065,34,Male,53062,32552,576,0,74729,Credit Card,18
10066,53,Female,95713,26709,737,0,9421,Auto Loan,5
10067,67,Female,107263,32055,406,0,50935,Home Loan,3
10068,57,Female,115756,38685,719,0,10810,Auto Loan,2
10069,21,Male,80461,9429,728,0,64465,Personal Loan,2
10070,19,Female,95418,15716,674,0,96944,Personal Loan,3
10071,23,Male,86672,49563,372,0,70422,Personal Loan,4
10072,59,Male,148232,12138,329,0,98299,Credit Card,7
10073,21,Male,54832,36298,487,0,94448,Home Loan,15
10074,46,Male,147335,24429,663,0,83339,Auto Loan,2
10075,35,Male,51966,6772,750,0,12742,Home Loan,11
10076,43,Male,92545,49244,494,0,9447,Home Loan,7
10077,61,Female,32987,49519,455,0,71966,Personal Loan,12
10078,51,Male,57311,36732,471,0,62316,Personal Loan,3
10079,27,Female,51575,40905,340,0,49285,Personal Loan,13
10080,53,Female,83852,18347,362,0,1007,Credit Card,13
10081,31,Male,147650,17920,322,0,67472,Home Loan,12
10082,48,Female,21007,32822,659,0,27651,Home Loan,5
10083,65,Female,90981,47659,374,0,12118,Credit Card,16
10084,32,Female,96242,41108,417,0,74786,Credit Card,3
10085,25,Female,67517,24563,679,0,16622,Credit Card,7
10086,31,Male,130022,8967,589,0,7854,Home Loan,16
10087,40,Female,49257,46183,739,0,31479,Home Loan,2
10088,57,Male,107272,12871,306,0,86936,Personal Loan,16
10089,38,Female,62207,29763,495,0,79876,Personal Loan,8
10090,33,Female,33281,12916,720,0,53274,Home Loan,1
10091,62,Male,81246,9734,492,0,5537,Personal Loan,12
10092,35,Female,21435,34613,447,0,29133,Credit Card,19
10093,64,Female,118875,29179,501,1,24995,Auto Loan,1
10094,41,Female,120686,36262,743,0,65050,Personal Loan,19
10095,43,Male,111357,13677,718,1,81884,Home Loan,10
10096,42,Female,46660,19268,726,0,36983,Personal Loan,14
10097,62,Male,25084,13330,778,0,73873,Personal Loan,10
10098,58,Female,102197,21733,774,0,34569,Personal Loan,2
10099,46,Male,33507,38947,425,1,7870,Auto Loan,2
10100,32,Male,92595,28286,694,0,72447,Credit Card,11
10101,62,Female,103807,7610,624,0,39633,Home Loan,4
10102,18,Female,65539,7430,691,0,96535,Auto Loan,19
10103,42,Male,135953,40922,739,0,96261,Home Loan,6
10104,24,Male,27491,14828,503,0,1192,Home Loan,6
10105,26,Female,147706,43913,785,0,29426,Home Loan,12
10106,41,Male,132831,32497,330,0,74484,Auto Loan,8
10107,18,Female,70192,40256,687,0,43890,Credit Card,12
10108,61,Female,100395,37618,733,0,50093,Home Loan,11
10109,25,Female,143797,47332,675,0,76109,Credit Card,12
10110,41,Female,83888,27526,643,0,5709,Credit Card,9
10111,28,Male,93609,31158,742,1,7033,Personal Loan,0
10112,68,Female,29077,26032,374,0,87097,Auto Loan,7
10113,34,Male,137440,38846,454,0,7711,Auto Loan,15
10114,25,Female,142901,45936,729,0,10427,Personal Loan,12
10115,52,Male,40953,30794,662,0,77963,Personal Loan,2
10116,52,Female,96919,6448,747,0,25094,Credit Card,2
10117,50,Male,134682,29861,533,0,75352,Home Loan,4
10118,22,Male,141041,29141,561,0,78213,Auto Loan,10
10119,59,Female,87889,10074,424,0,76882,Home Loan,6
10120,56,Female,43821,7406,544,0,8433,Home Loan,9
10121,58,Female,57567,32823,841,0,41196,Personal Loan,9
10122,45,Female,135374,24291,784,0,65949,Home Loan,19
10123,24,Male,44860,42568,421,1,68116,Credit Card,1
10124,26,Female,41195,33003,424,0,6589,Personal Loan,2
10125,25,Male,97475,47851,848,0,57048,Home Loan,7
10126,29,Male,110874,35406,469,0,26623,Personal Loan,10
10127,51,Female,107266,24312,423,0,8297,Credit Card,12
10128,50,Male,41427,44108,334,0,50513,Credit Card,6
10129,65,Male,120732,2382,386,0,8846,Home Loan,12
10130,40,Male,47083,35171,500,0,85914,Personal Loan,1
10131,41,Male,107046,42779,668,0,34172,Home Loan,5
10132,54,Female,77372,4292,376,0,18153,Home Loan,8
10133,52,Female,143786,42779,358,0,50056,Personal Loan,19
10134,61,Female,64064,34187,730,0,26640,Home Loan,1
10135,57,Female,27813,13411,799,0,1684,Credit Card,17
10136,39,Male,51598,38285,408,0,34993,Personal Loan,15
10137,44,Male,132718,16422,577,0,44648,Personal Loan,11
10138,52,Female,146879,43468,367,0,25346,Personal Loan,6
10139,18,Female,113106,33371,368,0,22695,Personal Loan,6
10140,52,Female,47082,6693,464,0,6106,Home Loan,16
10141,54,Male,49241,34535,788,0,4456,Home Loan,12
10142,64,Female,116214,15818,604,0,17055,Credit Card,10
10143,31,Female,64569,32238,664,0,90885,Auto Loan,5
10144,20,Female,31745,31874,678,1,19190,Auto Loan,13
10145,18,Male,46029,27715,642,0,59002,Credit Card,5
10146,22,Male,33025,28605,653,0,49349,Auto Loan,5
10147,43,Male,121660,35317,715,0,26847,Credit Card,1
10148,31,Male,143395,32174,408,0,99225,Home Loan,19
10149,56,Male,34288,10956,796,0,91821,Personal Loan,14
10150,44,Male,109186,39908,640,1,49556,Personal Loan,16
10151,26,Male,26540,11837,682,1,64351,Home Loan,7
10152,32,Male,117768,4716,832,0,98734,Personal Loan,4
10153,32,Female,101958,5481,599,1,82002,Personal Loan,16
10154,43,Female,88878,25282,438,1,97133,Auto Loan,19
10155,59,Male,61846,7548,658,0,81918,Home Loan,0
10156,30,Male,121148,38605,798,0,70711,Auto Loan,17
10157,68,Female,95932,8758,684,0,42350,Auto Loan,14
10158,49,Male,37482,44668,579,0,79045,Personal Loan,4
10159,56,Male,43411,24177,782,0,28343,Personal Loan,6
10160,66,Male,70975,25022,410,0,62820,Home Loan,17
10161,69,Female,80545,41761,438,1,30293,Personal Loan,5
10162,49,Female,132302,6542,734,0,40016,Personal Loan,4
10163,21,Female,98797,26476,808,0,18357,Home Loan,18
10164,47,Female,72307,31784,572,0,20127,Personal Loan,9
10165,54,Female,23093,23740,398,1,62322,Auto Loan,14
10166,40,Male,97258,25817,403,1,84601,Home Loan,9
10167,56,Female,42042,48596,513,0,92061,Personal Loan,15
10168,62,Male,72930,17052,464,0,52748,Credit Card,11
10169,32,Male,137584,36153,819,0,56298,Home Loan,17
10170,60,Female,64413,48076,583,0,93868,Home Loan,0
10171,46,Female,133387,1671,816,0,44616,Credit Card,15
10172,53,Male,113623,1163,463,0,75818,Personal Loan,5
10173,30,Male,117883,42424,363,0,88402,Personal Loan,2
10174,49,Male,53756,45002,390,0,29057,Home Loan,1
10175,24,Female,73268,5795,416,0,71834,Home Loan,1
10176,68,Female,59214,11634,566,0,75663,Personal Loan,12
10177,39,Female,101871,5798,439,0,78502,Personal Loan,8
10178,45,Female,147844,23420,545,0,43114,Auto Loan,15
10179,19,Female,48602,30300,694,0,13220,Home Loan,4
10180,59,Male,73331,25345,786,0,58108,Home Loan,6
10181,62,Female,68901,11749,775,0,72595,Credit Card,12
10182,23,Male,119986,39595,816,0,85194,Auto Loan,19
10183,45,Male,83416,26121,483,0,96952,Personal Loan,12
10184,45,Male,52196,38487,319,0,88093,Auto Loan,6
10185,61,Female,148386,29411,823,0,36392,Personal Loan,9
10186,61,Female,25626,34361,828,0,77742,Personal Loan,14
10187,37,Female,27424,22223,446,1,78106,Auto Loan,5
10188,47,Male,32857,8394,603,0,1424,Home Loan,4
10189,28,Male,130459,15056,527,0,51822,Personal Loan,1
10190,45,Male,135621,29380,401,1,26978,Auto Loan,14
10191,42,Male,39982,27035,716,0,71542,Credit Card,15
10192,56,Male,96961,31620,515,0,46918,Auto Loan,18
10193,50,Male,21980,20877,706,0,62717,Credit Card,8
10194,18,Female,68290,44404,698,0,90640,Personal Loan,18
10195,44,Female,46431,31911,798,0,81346,Auto Loan,6
10196,69,Female,104976,33784,764,0,74262,Auto Loan,3
10197,30,Female,127288,4191,381,1,12281,Credit Card,2
10198,58,Male,102711,34160,664,1,6015,Auto Loan,19
10199,20,Male,134187,26000,462,0,36633,Auto Loan,10
10200,56,Female,46385,40040,347,0,83008,Personal Loan,0
10201,23,Male,58158,4631,810,0,98128,Auto Loan,5
10202,25,Female,43019,7172,628,1,77446,Home Loan,10
10203,44,Female,38639,43080,415,1,85558,Credit Card,0
10204,26,Female,105530,24561,636,0,9595,Auto Loan,6
10205,54,Male,119911,25817,446,0,89083,Credit Card,5
10206,50,Female,41563,21281,622,0,20970,Credit Card,13
10207,68,Female,59341,29671,742,0,43629,Credit Card,1
10208,59,Female,135672,26364,312,0,9031,Auto Loan,3
10209,61,Male,25776,42674,793,0,37538,Auto Loan,10
10210,41,Male,56444,28425,586,0,88439,Credit Card,14
10211,32,Female,88916,29602,413,0,43174,Home Loan,17
10212,49,Male,28711,24253,779,0,95158,Credit Card,0
10213,49,Male,94318,24472,321,1,82976,Home Loan,2
10214,41,Male,102970,9080,648,0,30331,Credit Card,2
10215,58,Male,132301,8099,619,0,57674,Personal Loan,6
10216,69,Male,105553,26431,425,0,11779,Credit Card,0
10217,66,Male,50707,32186,576,0,38720,Credit Card,10
10218,66,Male,59110,48684,503,0,61110,Auto Loan,5
10219,69,Male,149410,31111,493,0,53219,Home Loan,19
10220,29,Male,81788,40851,846,0,53551,Personal Loan,2
10221,56,Male,102879,23614,585,0,72513,Home Loan,18
10222,19,Female,58827,27724,356,0,57152,Personal Loan,1
10223,20,Female,127188,42991,602,0,66024,Credit Card,17
10224,66,Male,25655,5940,462,0,83436,Auto Loan,11
10225,54,Female,64859,29758,318,0,6970,Auto Loan,9
10226,66,Female,73625,37224,669,0,68098,Home Loan,4
10227,34,Male,72098,8788,563,0,42298,Auto Loan,8
10228,66,Male,35251,29082,412,0,53973,Home Loan,1
10229,19,Male,142413,25034,787,0,20380,Home Loan,1
10230,19,Female,20526,36479,626,0,44939,Personal Loan,5
10231,45,Female,88760,12280,841,0,14808,Home Loan,9
10232,40,Male,67837,19052,364,0,92063,Personal Loan,17
10233,54,Male,145133,17531,591,0,96756,Auto Loan,11
10234,49,Male,149478,23804,324,0,35581,Home Loan,3
10235,50,Female,31536,29903,848,1,75742,Home Loan,16
10236,18,Female,48541,45857,300,0,50883,Credit Card,14
10237,36,Female,99083,11142,848,0,10337,Home Loan,5
10238,19,Female,71027,49355,440,0,52651,Home Loan,15
10239,61,Male,54531,10866,487,0,37324,Credit Card,16
10240,43,Male,28712,5531,427,0,33573,Credit Card,2
10241,49,Male,124101,46454,500,0,98124,Auto Loan,9
10242,23,Male,85455,39098,426,1,94148,Home Loan,4
10243,49,Female,94744,39278,556,0,26799,Auto Loan,13
10244,21,Female,141787,29138,846,0,59361,Auto Loan,12
10245,28,Male,149749,28065,493,0,30563,Credit Card,5
10246,34,Male,25109,30956,403,0,69953,Personal Loan,11
10247,55,Female,141332,42732,834,0,68972,Auto Loan,7
10248,41,Male,69268,40261,564,0,15006,Personal Loan,4
10249,22,Female,120737,11759,683,0,94841,Home Loan,14
10250,69,Male,74615,6439,559,0,80354,Credit Card,15
10251,51,Male,102503,48241,713,1,26526,Home Loan,0
10252,23,Male,143274,43533,657,1,28172,Home Loan,15
10253,39,Male,49759,29270,374,0,38917,Credit Card,4
10254,28,Male,105708,14279,654,0,52913,Home Loan,2
10255,65,Male,80112,40279,487,1,65566,Credit Card,19
10256,33,Male,122471,45251,589,1,59713,Personal Loan,14
10257,50,Female,146740,24888,344,0,51471,Home Loan,12
10258,26,Female,143153,18630,382,0,27781,Credit Card,15
10259,23,Female,46589,36144,422,0,28591,Auto Loan,10
10260,33,Female,50015,32182,657,0,50994,Home Loan,1
10261,46,Female,49009,26538,827,1,19110,Personal Loan,5
10262,20,Male,103309,12824,365,0,1579,Credit Card,5
10263,37,Male,146446,33125,674,1,95886,Home Loan,13
10264,53,Female,82046,7979,461,0,47251,Home Loan,10
10265,36,Male,126661,27189,679,1,86626,Home Loan,7
10266,43,Female,46143,43600,657,0,55932,Personal Loan,7
10267,20,Female,26154,13504,487,0,31451,Credit Card,0
10268,36,Male,41804,21669,621,0,81363,Auto Loan,6
10269,37,Male,61688,7910,749,0,78791,Auto Loan,5
10270,49,Male,84288,47857,773,0,60372,Auto Loan,7
10271,24,Female,71195,35964,312,1,7735,Credit Card,18
10272,69,Male,40581,21131,483,0,83233,Auto Loan,19
10273,58,Female,72648,26227,410,1,63212,Personal Loan,7
10274,50,Female,50087,6978,807,1,21973,Credit Card,13
10275,57,Female,69930,22991,589,0,68067,Home Loan,17
10276,56,Male,52981,18153,594,0,80323,Personal Loan,15
10277,35,Male,89298,34548,750,0,32730,Home Loan,8
10278,57,Female,66167,43676,514,0,85073,Auto Loan,14
10279,18,Male,95304,40071,326,0,93088,Personal Loan,9
10280,28,Male,63408,48454,530,0,69376,Credit Card,15
10281,45,Male,59499,4983,620,0,41144,Personal Loan,3
10282,42,Female,145816,10503,532,0,49164,Home Loan,19
10283,67,Female,72269,30921,736,0,45703,Credit Card,12
10284,40,Male,58559,17905,832,0,67177,Personal Loan,4
10285,48,Female,134126,46838,702,1,25925,Personal Loan,6
10286,47,Male,94319,24953,352,0,85317,Personal Loan,8
10287,59,Male,131925,27806,612,1,86461,Personal Loan,7
10288,52,Male,115317,46000,580,0,98149,Credit Card,15
10289,24,Male,116347,23168,330,0,70306,Home Loan,5
10290,33,Female,68787,5583,636,0,43314,Personal Loan,15
10291,43,Female,55488,39714,482,0,70719,Credit Card,5
10292,65,Female,94441,40896,322,0,50146,Home Loan,13
10293,69,Male,94663,12889,843,0,40384,Personal Loan,0
10294,66,Male,42431,28413,745,0,95845,Home Loan,8
10295,19,Male,81681,13275,373,0,69822,Home Loan,12
10296,18,Female,83483,3461,309,0,22150,Credit Card,18
10297,65,Male,142720,15291,783,0,94742,Home Loan,16
10298,29,Female,69153,47804,755,0,9690,Credit Card,10
10299,22,Female,26368,12435,459,0,38696,Personal Loan,7
10300,54,Female,47424,28935,313,0,39949,Home Loan,4
10301,49,Female,132360,34453,477,0,40161,Home Loan,9
10302,26,Female,65004,19544,711,0,30209,Auto Loan,6
10303,58,Female,103869,13258,352,1,80928,Personal Loan,9
10304,52,Male,108652,31841,707,0,75679,Personal Loan,3
10305,36,Male,132755,49758,321,0,10443,Auto Loan,8
10306,65,Female,76985,11736,329,0,43740,Auto Loan,13
10307,33,Female,70069,38643,559,0,46260,Credit Card,1
10308,20,Male,72326,44950,504,0,21542,Credit Card,8
10309,37,Female,128737,35964,358,0,44394,Home Loan,0
10310,41,Female,101061,29044,770,0,7369,Home Loan,9
10311,50,Male,43398,40933,765,0,61578,Home Loan,9
10312,41,Female,118393,16997,311,0,57259,Home Loan,19
10313,69,Female,70861,15215,589,0,44806,Credit Card,2
10314,28,Female,95897,34069,653,0,55871,Personal Loan,5
10315,66,Male,101905,24911,374,0,21418,Home Loan,5
10316,25,Male,147118,18030,740,0,28879,Personal Loan,1
10317,53,Male,88577,30334,540,0,91310,Home Loan,17
10318,55,Female,85641,15571,453,0,83732,Auto Loan,1
10319,57,Female,29078,43719,395,0,3462,Home Loan,11
10320,37,Male,45003,29927,593,0,14351,Home Loan,4
10321,52,Female,82768,21714,508,0,46247,Home Loan,19
10322,65,Female,71047,44541,642,0,52849,Credit Card,6
10323,42,Female,91626,24387,387,0,71332,Auto Loan,15
10324,52,Female,77660,29444,689,0,56856,Home Loan,19
10325,42,Female,124386,49908,624,0,15245,Home Loan,0
10326,46,Male,69786,20921,456,0,6230,Personal Loan,0
10327,35,Female,21925,14057,436,0,14421,Auto Loan,16
10328,63,Male,103976,46268,727,1,98930,Home Loan,0
10329,35,Female,125221,25858,751,0,71638,Personal Loan,19
10330,19,Male,137832,49689,440,0,83611,Personal Loan,12
10331,52,Female,145150,45638,382,0,19523,Credit Card,8
10332,33,Male,46015,27062,476,1,45849,Personal Loan,14
10333,58,Female,53320,37850,497,1,82033,Home Loan,2
10334,53,Male,84881,47486,720,0,83786,Credit Card,13
10335,50,Female,110827,21567,700,0,42479,Credit Card,10
10336,21,Male,140071,30739,770,0,23337,Home Loan,11
10337,50,Female,122215,44285,517,0,15497,Auto Loan,12
10338,31,Male,46289,4754,474,0,89103,Personal Loan,12
10339,38,Male,148859,28044,322,0,45539,Credit Card,0
10340,65,Female,23389,2724,534,0,21423,Auto Loan,9
10341,37,Female,45683,2376,312,0,9376,Home Loan,2
10342,25,Male,33629,9706,400,1,61473,Personal Loan,3
10343,24,Female,81550,9894,835,0,3387,Personal Loan,15
10344,20,Male,44826,19037,822,0,64223,Credit Card,7
10345,34,Male,120734,19450,751,0,42922,Personal Loan,15
10346,50,Male,46630,17406,730,0,51913,Personal Loan,16
10347,65,Female,118762,30725,832,0,3341,Personal Loan,18
10348,29,Male,66163,6926,592,0,29256,Personal Loan,14
10349,68,Male,118511,40019,400,1,72076,Home Loan,15
10350,39,Female,86435,10496,801,0,10804,Auto Loan,14
10351,39,Female,31653,37068,603,0,30841,Home Loan,1
10352,63,Female,47961,30806,839,0,5258,Home Loan,10
10353,47,Female,101941,23663,654,0,17510,Credit Card,0
10354,55,Male,94137,42321,602,0,61258,Personal Loan,14
10355,55,Male,53662,37495,795,0,32158,Home Loan,18
10356,62,Male,118818,23656,526,0,49502,Personal Loan,3
10357,68,Male,76446,26860,535,0,1875,Home Loan,10
10358,25,Female,41288,17832,754,0,99985,Home Loan,4
10359,44,Male,142555,39787,312,0,22592,Credit Card,2
10360,44,Male,115081,49231,509,0,990,Auto Loan,12
10361,51,Female,56877,22727,696,0,4229,Auto Loan,9
10362,38,Male,131562,43815,399,0,6474,Home Loan,10
10363,47,Male,35313,30545,330,0,85716,Credit Card,17
10364,50,Male,100885,45522,827,0,84360,Personal Loan,1
10365,45,Male,92715,3520,628,0,97370,Personal Loan,6
10366,64,Male,30326,4081,465,0,21898,Home Loan,8
10367,50,Male,130091,35196,758,1,35150,Auto Loan,9
10368,22,Female,145836,37735,399,1,21792,Credit Card,17
10369,65,Female,21560,40213,472,0,3659,Auto Loan,6
10370,36,Male,99148,15566,461,0,98662,Personal Loan,6
10371,21,Male,103186,15042,562,0,63266,Auto Loan,2
10372,52,Female,46745,26498,573,0,95387,Personal Loan,11
10373,66,Male,51890,12329,302,0,17565,Credit Card,6
10374,34,Male,40022,32656,327,0,22138,Credit Card,16
10375,61,Male,143629,3159,625,0,1573,Home Loan,0
10376,45,Female,72579,38900,448,0,47011,Home Loan,4
10377,47,Male,90316,20363,839,0,84807,Auto Loan,15
10378,46,Female,103847,48701,787,0,29820,Credit Card,14
10379,63,Male,48380,44241,737,0,70376,Credit Card,1
10380,23,Female,130198,20033,364,0,35424,Home Loan,8
10381,52,Female,22356,11805,655,0,82220,Personal Loan,6
10382,58,Male,90326,36851,832,1,41234,Auto Loan,3
10383,54,Female,112447,27832,551,0,68616,Auto Loan,19
10384,41,Male,134994,14944,534,0,40525,Home Loan,17
10385,46,Female,109899,20873,526,0,95003,Credit Card,3
10386,66,Male,40049,41372,824,1,2659,Home Loan,12
10387,63,Male,95717,24928,612,0,49440,Home Loan,0
10388,48,Female,125361,16379,348,0,79936,Home Loan,2
10389,52,Male,36082,37751,417,0,77476,Home Loan,15
10390,50,Male,20661,35546,353,0,15178,Personal Loan,3
10391,69,Female,57412,25286,343,0,61575,Personal Loan,15
10392,38,Male,134015,6110,352,0,47704,Credit Card,18
10393,49,Male,143191,13087,824,0,12521,Home Loan,0
10394,40,Female,22920,24762,401,0,7272,Personal Loan,4
10395,50,Female,111194,18081,697,1,67663,Credit Card,18
10396,20,Male,134306,35947,437,0,74255,Home Loan,10
10397,35,Male,80315,10596,686,0,23964,Auto Loan,12
10398,42,Female,99561,39019,410,0,51637,Personal Loan,19
10399,59,Female,28946,43003,316,0,30732,Credit Card,4
10400,48,Male,114242,19313,481,1,61997,Auto Loan,3
10401,20,Female,65500,48639,835,0,74524,Home Loan,3
10402,57,Male,124540,2013,840,0,51948,Home Loan,3
10403,63,Male,36309,24705,470,0,85017,Home Loan,3
10404,41,Male,75230,2828,708,0,1401,Personal Loan,19
10405,67,Male,131822,8909,677,0,88480,Credit Card,17
10406,49,Male,118656,39356,487,0,84097,Auto Loan,17
10407,64,Female,143782,14109,529,0,3381,Credit Card,15
10408,39,Female,50027,3023,418,1,30363,Personal Loan,8
10409,40,Female,146768,15537,455,0,6122,Credit Card,17
10410,19,Female,92541,27661,764,0,1878,Personal Loan,1
10411,44,Male,132340,39659,403,0,83668,Home Loan,3
10412,59,Male,134846,34848,801,0,94347,Auto Loan,11
10413,19,Male,79321,38804,474,0,71686,Home Loan,6
10414,43,Male,20956,16379,720,0,45701,Credit Card,14
10415,34,Female,120375,28766,433,0,59751,Home Loan,6
10416,57,Male,94131,44590,690,0,73072,Auto Loan,16
10417,50,Male,67908,3563,800,0,39755,Home Loan,15
10418,26,Female,98339,37060,332,1,63712,Auto Loan,18
10419,60,Female,145659,30197,354,0,50710,Auto Loan,8
10420,65,Female,45963,4586,818,0,22999,Home Loan,13
10421,56,Female,121757,17087,311,0,52128,Personal Loan,16
10422,46,Male,59443,49868,827,0,61860,Credit Card,4
10423,59,Male,119259,24225,672,0,5103,Personal Loan,1
10424,43,Female,59063,30750,783,0,93809,Personal Loan,19
10425,52,Male,134225,7643,527,0,85973,Home Loan,15
10426,67,Male,136400,28523,606,0,13132,Credit Card,13
10427,42,Male,100818,37727,756,0,31107,Credit Card,13
10428,41,Female,24703,12005,459,0,92373,Personal Loan,0
10429,30,Male,85128,44543,630,0,66256,Home Loan,2
10430,24,Female,92099,1161,524,0,47494,Credit Card,6
10431,53,Male,45849,17029,803,0,63882,Personal Loan,14
10432,62,Male,51860,15226,755,0,70854,Credit Card,18
10433,37,Male,51585,29731,344,0,56844,Home Loan,19
10434,18,Female,42015,44922,513,0,54275,Home Loan,1
10435,25,Male,97539,45848,358,0,7849,Home Loan,18
10436,63,Female,63585,4390,494,0,71654,Credit Card,8
10437,33,Female,46958,6997,788,0,27964,Auto Loan,18
10438,31,Female,46017,13693,456,0,43124,Credit Card,4
10439,29,Male,96707,43092,525,0,37844,Auto Loan,17
10440,68,Male,144677,1541,711,0,84291,Home Loan,15
10441,40,Male,65350,22817,504,0,24799,Personal Loan,3
10442,32,Male,32201,38861,378,0,48475,Auto Loan,11
10443,45,Female,49426,14428,423,0,1962,Home Loan,6
10444,51,Female,37778,44934,770,0,81941,Home Loan,13
10445,19,Female,65241,49831,517,1,90956,Auto Loan,11
10446,49,Male,62229,11258,815,0,82288,Personal Loan,2
10447,40,Female,106652,17044,403,0,41081,Home Loan,4
10448,39,Male,148267,30411,692,0,71789,Auto Loan,16
10449,68,Female,138402,6469,733,0,14675,Personal Loan,9
10450,42,Male,68364,29854,630,0,6691,Personal Loan,9
10451,39,Male,118833,7256,442,0,83934,Home Loan,10
10452,39,Female,146503,11720,839,0,85018,Credit Card,16
10453,66,Female,149044,34937,577,0,80658,Credit Card,4
10454,69,Female,104878,34598,532,0,67037,Home Loan,12
10455,59,Female,77056,2651,828,1,48145,Personal Loan,9
10456,23,Male,47490,20194,389,0,23783,Home Loan,8
10457,32,Female,147769,26051,791,1,87471,Auto Loan,16
10458,60,Female,39975,28386,498,0,93259,Credit Card,0
10459,54,Female,46723,10518,661,0,59623,Auto Loan,3
10460,50,Male,43279,47026,740,0,30524,Home Loan,3
10461,25,Male,98301,17184,325,0,50130,Home Loan,17
10462,61,Female,132214,34787,324,0,31234,Personal Loan,8
10463,61,Male,31561,22621,693,1,1015,Personal Loan,17
10464,22,Female,127435,11028,806,1,67227,Personal Loan,13
10465,56,Male,86061,13448,600,0,98300,Auto Loan,14
10466,21,Male,108397,46253,638,0,46716,Personal Loan,5
10467,23,Male,69153,35051,566,0,72333,Home Loan,9
10468,62,Male,53142,31447,760,1,59255,Personal Loan,14
10469,49,Female,46916,19394,755,0,28356,Credit Card,3
10470,69,Female,84324,35501,659,0,74370,Personal Loan,17
10471,47,Female,64965,31254,367,0,24662,Auto Loan,17
10472,64,Male,145932,19509,711,0,6508,Credit Card,16
10473,52,Female,24648,49998,790,1,8487,Credit Card,11
10474,57,Female,55133,15472,348,0,63032,Credit Card,6
10475,69,Female,70677,46657,401,0,97002,Auto Loan,15
10476,33,Male,116059,4471,515,0,3832,Home Loan,10
10477,30,Male,114588,42796,737,0,66823,Personal Loan,13
10478,67,Male,119950,31268,458,0,39490,Credit Card,2
10479,59,Female,118317,9329,788,0,10373,Credit Card,18
10480,47,Female,90135,35865,541,0,83042,Credit Card,17
10481,36,Female,55046,47850,304,1,86261,Home Loan,9
10482,34,Male,67064,47698,660,0,36944,Home Loan,5
10483,36,Male,121459,29272,758,0,35840,Auto Loan,12
10484,45,Female,126625,43845,547,1,5533,Home Loan,9
10485,43,Male,89350,7397,721,0,73824,Personal Loan,17
10486,54,Male,65893,33373,314,0,16189,Auto Loan,19
10487,43,Male,121520,36525,421,0,87634,Auto Loan,15
10488,40,Male,145818,25570,576,0,95739,Personal Loan,5
10489,26,Female,81272,19284,752,0,566,Personal Loan,12
10490,29,Male,112152,19994,689,1,45746,Personal Loan,3
10491,18,Male,142907,24284,593,0,8033,Auto Loan,13
10492,18,Male,87649,18833,745,0,81139,Auto Loan,0
10493,64,Male,84674,26122,509,0,70652,Auto Loan,19
10494,51,Female,144132,6017,601,0,60158,Personal Loan,4
10495,49,Female,139044,17370,522,0,38998,Personal Loan,7
10496,65,Male,128542,30252,302,0,12272,Credit Card,11
10497,42,Male,33760,8999,817,0,89885,Home Loan,1
10498,57,Male,41927,23436,392,0,49536,Credit Card,11
10499,62,Male,106475,43963,819,1,59031,Personal Loan,4
10500,18,Male,81367,3096,727,0,13440,Auto Loan,4
10501,33,Male,117955,49201,792,0,17432,Personal Loan,12
10502,56,Female,32588,26279,534,0,95805,Home Loan,8
10503,22,Male,141750,44363,460,0,57327,Credit Card,9
10504,39,Female,121678,49709,630,0,61931,Credit Card,0
10505,46,Female,124734,27201,632,0,25148,Auto Loan,2
10506,20,Male,138154,20715,349,0,33466,Credit Card,17
10507,29,Female,72233,30309,822,0,28277,Credit Card,11
10508,43,Female,64738,16078,791,1,33067,Personal Loan,2
10509,33,Female,53397,6105,571,1,17674,Credit Card,8
10510,68,Female,102189,30312,551,1,43098,Credit Card,1
10511,54,Female,96367,3839,389,0,59699,Credit Card,2
10512,39,Female,144873,4384,745,0,14298,Auto Loan,13
10513,46,Male,91260,44619,631,0,65864,Auto Loan,3
10514,31,Female,140585,43821,438,0,18058,Personal Loan,18
10515,45,Female,96619,14493,656,0,61584,Credit Card,12
10516,22,Female,131453,18069,573,0,44737,Auto Loan,6
10517,64,Male,39816,47907,318,0,65997,Auto Loan,11
10518,66,Female,62240,8531,610,0,678,Personal Loan,2
10519,47,Male,26276,38051,453,0,86506,Home Loan,8
10520,63,Female,133939,8736,689,0,17618,Credit Card,1
10521,69,Male,124199,8710,559,0,23116,Auto Loan,8
10522,22,Male,99530,2619,424,0,1298,Personal Loan,11
10523,29,Female,43499,14975,653,0,8101,Personal Loan,11
10524,33,Female,108576,46603,572,0,25863,Personal Loan,14
10525,43,Male,128856,24252,544,0,3295,Auto Loan,1
10526,43,Female,102495,16261,749,0,97962,Credit Card,17
10527,65,Male,141717,2431,546,0,45764,Home Loan,12
10528,38,Male,91635,10067,819,0,73333,Credit Card,13
10529,56,Male,127803,38481,440,0,3584,Personal Loan,4
10530,53,Male,105112,28037,661,1,96365,Personal Loan,9
10531,50,Male,55946,10557,307,0,77146,Home Loan,11
10532,47,Female,75204,10435,777,0,1231,Credit Card,9
10533,54,Male,71886,38766,651,0,1629,Personal Loan,10
10534,40,Male,91652,1162,794,1,28522,Personal Loan,1
10535,27,Female,35563,35742,726,0,2105,Credit Card,4
10536,22,Male,112324,20675,338,0,78006,Personal Loan,6
10537,53,Female,112464,9461,486,0,44630,Credit Card,5
10538,51,Female,121872,18015,392,1,29765,Personal Loan,2
10539,69,Female,29847,33591,385,0,32830,Credit Card,12
10540,48,Male,46155,29047,343,0,68969,Home Loan,2
10541,27,Male,99671,35782,436,0,15687,Personal Loan,5
10542,36,Male,136891,10833,720,0,26291,Home Loan,10
10543,49,Female,103310,8896,373,0,90936,Personal Loan,16
10544,18,Male,87278,33972,847,0,71110,Personal Loan,9
10545,22,Female,38309,42800,811,0,92462,Auto Loan,11
10546,62,Male,20619,31508,455,0,40367,Credit Card,16
10547,21,Female,103194,6347,554,0,1393,Home Loan,3
10548,33,Male,70108,31314,470,1,20273,Home Loan,1
10549,41,Male,54707,3643,469,0,4739,Home Loan,10
10550,33,Male,40337,41785,621,0,21363,Credit Card,6
10551,19,Female,145261,19681,755,0,51915,Auto Loan,1
10552,66,Female,101537,39328,454,0,69468,Home Loan,17
10553,45,Male,86504,16892,648,0,60930,Credit Card,3
10554,49,Male,67614,48299,750,0,2015,Personal Loan,7
10555,44,Female,111428,18073,472,0,97706,Home Loan,19
10556,37,Female,111155,37768,309,0,15105,Home Loan,13
10557,41,Female,20281,31682,564,0,56740,Auto Loan,11
10558,29,Male,47420,33262,737,0,6086,Home Loan,17
10559,67,Female,100896,32358,546,0,31686,Home Loan,10
10560,52,Male,59030,15289,845,1,27428,Personal Loan,7
10561,50,Female,21058,8927,798,0,98764,Credit Card,1
10562,50,Male,106213,49330,428,1,83587,Credit Card,14
10563,68,Female,96260,2171,626,0,87529,Auto Loan,8
10564,60,Female,48404,12918,703,1,21211,Personal Loan,18
10565,54,Female,123482,42903,658,0,55462,Credit Card,19
10566,29,Female,125284,40110,316,0,20539,Personal Loan,7
10567,20,Female,49856,12929,573,0,37061,Credit Card,18
10568,18,Male,29200,3539,415,0,75983,Personal Loan,4
10569,50,Female,84178,37727,390,0,98371,Auto Loan,10
10570,57,Female,53997,46951,381,0,81895,Home Loan,14
10571,27,Female,45611,23669,623,0,89158,Auto Loan,7
10572,60,Male,139273,6432,413,0,2077,Credit Card,18
10573,61,Female,61235,21644,357,0,28850,Auto Loan,7
10574,46,Male,137428,19745,453,0,34298,Home Loan,18
10575,30,Female,55057,29228,703,0,97934,Auto Loan,17
10576,29,Female,21239,35521,565,0,81917,Credit Card,9
10577,48,Male,123674,32703,614,0,11285,Credit Card,6
10578,63,Female,134474,27928,340,0,72727,Auto Loan,8
10579,19,Male,85661,19322,404,0,62457,Home Loan,0
10580,68,Male,146945,23360,492,0,65931,Auto Loan,18
10581,67,Female,65272,30055,700,0,17797,Home Loan,4
10582,52,Male,109393,43891,577,0,72394,Personal Loan,18
10583,40,Female,81212,17376,653,0,64272,Home Loan,0
10584,34,Female,144088,7588,555,0,20081,Personal Loan,14
10585,43,Male,35398,26000,398,0,55692,Auto Loan,15
10586,25,Male,140030,7304,581,0,1962,Home Loan,6
10587,46,Male,76503,8345,702,0,64673,Personal Loan,11
10588,43,Male,26638,30300,408,0,16011,Personal Loan,7
10589,27,Female,26570,25259,498,0,76606,Personal Loan,4
10590,43,Female,88785,26470,602,0,49165,Credit Card,9
10591,51,Male,29110,24017,626,0,44914,Auto Loan,4
10592,68,Female,125899,16352,453,0,81510,Personal Loan,16
10593,58,Female,99141,34365,704,0,73073,Home Loan,4
10594,24,Female,32115,20446,761,0,94165,Personal Loan,14
10595,21,Female,59062,3336,431,1,13886,Credit Card,12
10596,67,Male,42911,10879,383,0,54960,Auto Loan,0
10597,62,Male,124061,33316,698,1,6721,Credit Card,10
10598,28,Female,52556,34340,408,0,23974,Credit Card,0
10599,46,Male,98131,8521,520,0,21545,Credit Card,10
10600,53,Male,148335,7171,667,0,91819,Home Loan,17
10601,42,Male,21969,24481,446,0,5422,Auto Loan,17
10602,38,Female,63753,19474,411,0,23206,Auto Loan,15
10603,53,Female,102811,47760,793,0,43271,Home Loan,12
10604,27,Female,24470,45629,804,0,52835,Auto Loan,6
10605,54,Male,141863,46232,774,1,98515,Credit Card,0
10606,26,Female,30225,22008,570,0,53449,Auto Loan,15
10607,41,Female,127860,2633,720,0,71214,Home Loan,0
10608,52,Male,143008,13485,666,0,96058,Credit Card,16
10609,66,Female,127510,44617,579,0,15740,Home Loan,5
10610,52,Female,128295,4648,582,0,92256,Personal Loan,1
10611,65,Male,43196,48945,339,0,3216,Credit Card,16
10612,53,Male,125823,14140,488,1,17074,Credit Card,5
10613,35,Male,33669,18921,463,0,83755,Auto Loan,13
10614,66,Female,57380,15357,835,0,74217,Credit Card,17
10615,56,Female,144398,47136,835,0,44566,Home Loan,5
10616,49,Female,130677,4137,303,0,62326,Auto Loan,9
10617,41,Male,135886,1097,589,0,20713,Personal Loan,17
10618,40,Male,146753,12407,732,0,72416,Home Loan,8
10619,49,Female,68320,31575,770,0,66651,Personal Loan,7
10620,54,Female,67414,13722,480,0,51406,Personal Loan,9
10621,29,Male,123542,13924,547,0,963,Personal Loan,16
10622,66,Male,35577,4750,578,0,32473,Credit Card,5
10623,30,Male,145354,28733,553,0,75194,Home Loan,13
10624,40,Male,108009,9535,480,0,21151,Home Loan,5
10625,42,Female,146365,25487,808,0,69194,Credit Card,6
10626,52,Male,75409,31651,625,0,20508,Auto Loan,11
10627,58,Female,48625,5666,656,0,70974,Personal Loan,2
10628,47,Female,101040,49777,690,0,38685,Home Loan,13
10629,34,Female,44089,17994,384,0,88424,Credit Card,18
10630,66,Male,56487,2727,616,0,74917,Personal Loan,15
10631,37,Male,85838,35622,511,0,71639,Auto Loan,6
10632,65,Male,116999,11800,814,0,35480,Auto Loan,7
10633,42,Male,130448,38823,683,0,23004,Personal Loan,17
10634,39,Female,114795,44039,641,0,55470,Auto Loan,12
10635,30,Male,70138,19708,337,0,17266,Home Loan,8
10636,36,Male,62823,13819,810,1,94422,Home Loan,9
10637,66,Female,57208,10369,719,0,12195,Home Loan,8
10638,53,Male,74061,10283,468,0,18296,Auto Loan,14
10639,29,Female,50659,31573,642,0,43043,Home Loan,19
10640,58,Female,149824,14171,605,0,15059,Credit Card,1
10641,36,Female,121376,31933,841,1,33639,Home Loan,12
10642,29,Female,51890,6774,836,0,9302,Home Loan,1
10643,26,Female,99134,7519,411,1,74343,Auto Loan,18
10644,24,Female,67055,11983,710,1,40705,Home Loan,1
10645,45,Female,132269,31932,505,1,99250,Personal Loan,2
10646,31,Female,39508,31798,484,0,34659,Credit Card,5
10647,48,Male,62287,19133,681,0,12016,Auto Loan,2
10648,69,Male,98916,15939,795,0,50992,Credit Card,9
10649,36,Male,46984,1781,678,0,29586,Personal Loan,5
10650,64,Male,130169,28624,346,0,30980,Auto Loan,15
10651,33,Female,28125,7823,850,0,52591,Auto Loan,16
10652,22,Male,56059,19489,827,0,48266,Home Loan,18
10653,52,Female,89569,40961,803,0,39237,Credit Card,2
10654,29,Male,123409,30118,321,0,9765,Personal Loan,17
10655,42,Male,37087,35881,512,0,71490,Personal Loan,6
10656,69,Male,126437,17280,609,0,92217,Auto Loan,8
10657,38,Female,135262,23263,571,0,15886,Home Loan,19
10658,53,Male,25704,14565,501,0,37925,Auto Loan,11
10659,40,Female,80576,21354,331,0,43754,Auto Loan,4
10660,33,Female,93384,43951,742,0,90363,Auto Loan,2
10661,56,Male,107128,26643,461,1,54134,Auto Loan,10
10662,62,Male,131279,24648,553,0,87217,Personal Loan,3
10663,59,Male,92460,42971,820,0,48162,Personal Loan,4
10664,56,Female,47208,19658,779,0,87488,Auto Loan,0
10665,31,Male,138516,22253,309,0,99787,Auto Loan,17
10666,48,Female,149612,49563,804,0,88027,Home Loan,11
10667,22,Female,105150,27390,735,0,75952,Auto Loan,12
10668,52,Male,86024,24128,410,0,10643,Personal Loan,8
10669,40,Male,59882,14489,452,0,91891,Credit Card,1
10670,46,Female,45923,39314,401,0,16081,Personal Loan,4
10671,60,Female,146561,33658,490,0,67943,Home Loan,12
10672,28,Female,134044,7852,380,1,29924,Personal Loan,15
10673,35,Male,121477,30450,788,1,89344,Credit Card,15
10674,64,Female,49165,3551,387,0,42484,Auto Loan,2
10675,29,Male,87203,7411,493,0,42005,Credit Card,3
10676,26,Female,111749,34243,403,0,63199,Auto Loan,10
10677,27,Female,24114,22800,395,0,27457,Auto Loan,13
10678,61,Male,84965,11403,722,0,25964,Personal Loan,2
10679,34,Female,56321,8239,497,1,24149,Personal Loan,15
10680,55,Male,93297,7710,300,0,42565,Personal Loan,14
10681,24,Male,116652,22384,706,0,93161,Home Loan,9
10682,63,Female,119304,22038,677,0,35258,Personal Loan,8
10683,30,Male,133942,41846,466,1,6096,Home Loan,10
10684,57,Male,45426,23447,808,0,16874,Personal Loan,15
10685,59,Female,37772,3285,612,0,4275,Auto Loan,9
10686,26,Male,123754,38991,717,0,27888,Home Loan,16
10687,67,Male,23712,14521,776,0,21529,Credit Card,18
10688,44,Male,21367,48657,372,0,84481,Home Loan,1
10689,19,Female,126493,7971,440,1,54139,Home Loan,1
10690,22,Male,127317,30139,561,0,15145,Credit Card,5
10691,46,Female,135142,20909,639,0,31605,Home Loan,18
10692,54,Female,111736,12531,607,0,14168,Auto Loan,7
10693,55,Male,71924,15721,544,0,16460,Personal Loan,2
10694,36,Male,23726,20206,814,0,11857,Credit Card,13
10695,25,Male,109152,38711,636,0,65104,Personal Loan,15
10696,65,Female,47723,7530,375,0,52296,Auto Loan,0
10697,62,Male,146969,12116,474,0,16304,Credit Card,2
10698,18,Male,123110,1258,408,0,15126,Personal Loan,17
10699,39,Male,120494,1282,482,0,28632,Personal Loan,8
10700,69,Male,29108,14937,491,1,8451,Auto Loan,5
10701,34,Male,97714,2898,364,0,6949,Personal Loan,0
10702,24,Female,55643,5135,773,0,19565,Auto Loan,9
10703,42,Female,51324,7629,399,0,9630,Home Loan,5
10704,62,Male,123896,44936,843,0,89860,Auto Loan,11
10705,21,Male,103360,20584,427,0,62787,Home Loan,3
10706,53,Male,130896,24551,751,0,52202,Credit Card,12
10707,23,Male,28927,34380,668,0,37493,Personal Loan,16
10708,48,Female,113680,47971,342,0,32375,Auto Loan,7
10709,36,Male,116546,18071,718,0,6554,Auto Loan,19
10710,61,Female,42443,21074,787,0,49017,Personal Loan,2
10711,56,Female,99973,26188,377,1,76868,Personal Loan,11
10712,44,Male,83449,3307,569,0,30170,Credit Card,6
10713,27,Female,129834,40901,614,0,49612,Credit Card,11
10714,43,Female,125314,12205,467,1,88888,Auto Loan,1
10715,36,Female,96743,6906,638,1,89656,Credit Card,13
10716,56,Female,141805,3591,492,0,28807,Home Loan,4
10717,20,Male,80233,16149,752,0,67587,Credit Card,8
10718,62,Male,45537,45918,582,0,48422,Credit Card,10
10719,30,Female,121293,40951,635,0,63580,Auto Loan,4
10720,67,Male,97576,26150,689,0,93848,Home Loan,2
10721,45,Male,127522,32852,824,0,79835,Credit Card,16
10722,37,Male,42612,43870,539,0,26812,Home Loan,1
10723,45,Male,113977,2283,782,0,67485,Home Loan,0
10724,25,Male,26471,34691,757,0,58108,Home Loan,6
10725,58,Female,55631,2125,388,0,90462,Personal Loan,13
10726,56,Male,148449,2529,394,0,40777,Personal Loan,4
10727,18,Male,128997,27170,751,0,32051,Personal Loan,18
10728,20,Male,112059,9438,727,0,90313,Personal Loan,10
10729,30,Male,51348,21095,450,1,57097,Auto Loan,1
10730,45,Female,84732,17154,813,0,45712,Credit Card,7
10731,66,Female,21177,9004,675,0,10137,Personal Loan,8
10732,42,Female,24760,10752,321,0,43758,Auto Loan,2
10733,50,Female,52779,44360,612,0,36193,Credit Card,1
10734,55,Male,41636,27819,818,1,10324,Personal Loan,6
10735,23,Female,101889,37632,505,0,27450,Credit Card,4
10736,61,Male,73551,27515,674,0,23988,Personal Loan,4
10737,62,Male,31556,25217,750,0,715,Auto Loan,19
10738,49,Male,47598,24172,478,0,12023,Home Loan,12
10739,62,Male,31563,33994,509,0,76400,Home Loan,19
10740,64,Male,66819,16036,799,0,69189,Credit Card,5
10741,38,Female,129326,12739,763,0,24334,Auto Loan,19
10742,33,Female,93770,33220,423,0,34974,Home Loan,17
10743,38,Female,111055,10587,412,0,43566,Personal Loan,1
10744,28,Female,46966,45517,311,1,10900,Home Loan,5
10745,54,Male,140133,31129,425,0,10845,Credit Card,8
10746,53,Female,101709,1645,630,0,34396,Credit Card,2
10747,52,Male,79889,31930,582,0,85930,Auto Loan,0
10748,36,Female,46987,17299,439,1,29399,Credit Card,0
10749,37,Male,98714,31090,700,0,28729,Home Loan,18
10750,35,Male,124874,22953,396,0,6083,Home Loan,4
10751,64,Female,78348,47443,816,0,5397,Home Loan,12
10752,58,Male,44596,27475,368,0,72037,Home Loan,18
10753,66,Male,53174,19888,417,0,5067,Auto Loan,11
10754,31,Female,84106,44732,358,0,75307,Personal Loan,15
10755,32,Male,127510,17087,332,0,77739,Personal Loan,18
10756,48,Female,89967,47305,617,0,13829,Auto Loan,2
10757,18,Female,79182,47037,349,0,72292,Credit Card,11
10758,20,Female,113300,10346,788,0,728,Personal Loan,4
10759,33,Male,107163,1587,318,0,90782,Credit Card,1
10760,40,Male,59310,13763,496,0,82714,Personal Loan,6
10761,28,Male,76088,42945,749,0,37552,Credit Card,12
10762,29,Female,148803,5079,751,0,58269,Auto Loan,14
10763,27,Male,28906,37116,588,0,46532,Home Loan,2
10764,49,Female,56914,21215,440,0,89221,Credit Card,19
10765,33,Female,130350,26817,383,0,34186,Home Loan,4
10766,25,Male,65379,25765,690,0,77481,Credit Card,7
10767,55,Female,98612,31112,514,0,99302,Credit Card,0
10768,29,Male,134828,26556,825,0,63761,Credit Card,7
10769,41,Male,147445,19099,514,0,3309,Credit Card,17
10770,45,Male,57650,44553,702,0,42285,Credit Card,19
10771,25,Male,66881,46096,427,0,37047,Home Loan,15
10772,45,Male,66413,7450,776,0,43318,Credit Card,17
10773,53,Female,26012,14230,703,0,72427,Home Loan,19
10774,43,Female,70115,30009,328,0,66181,Auto Loan,11
10775,25,Female,27151,6433,637,1,79965,Personal Loan,12
10776,67,Male,77716,34866,660,1,90362,Credit Card,12
10777,45,Male,113747,40864,691,0,96027,Personal Loan,9
10778,45,Male,112653,19710,517,0,37833,Home Loan,6
10779,54,Female,56378,12439,501,0,17076,Auto Loan,13
10780,58,Male,62652,42855,316,0,39905,Auto Loan,15
10781,53,Female,92430,17021,621,0,94500,Auto Loan,14
10782,44,Female,33467,7416,817,0,74279,Personal Loan,11
10783,34,Male,51010,7980,624,0,32101,Home Loan,8
10784,26,Male,148647,19058,711,0,68446,Credit Card,7
10785,50,Female,141999,12101,617,0,67856,Credit Card,17
10786,37,Male,134793,41718,381,0,52616,Home Loan,17
10787,30,Female,74691,33602,773,0,63394,Personal Loan,12
10788,45,Male,84157,10122,767,0,35135,Credit Card,17
10789,65,Male,128177,13576,724,0,7965,Home Loan,14
10790,46,Female,32289,28516,503,0,57254,Credit Card,3
10791,30,Male,64976,23433,686,0,98475,Auto Loan,16
10792,63,Female,63596,2089,397,1,93350,Credit Card,4
10793,52,Male,43171,38346,644,0,85619,Personal Loan,15
10794,23,Female,120441,10127,507,1,93191,Home Loan,8
10795,35,Female,146296,11487,813,1,39371,Personal Loan,9
10796,68,Male,106365,1155,465,0,63374,Home Loan,17
10797,22,Female,138218,2958,321,0,78233,Auto Loan,16
10798,64,Male,119590,11693,453,0,30011,Home Loan,17
10799,42,Male,134014,40112,738,1,81460,Credit Card,6
10800,19,Male,64139,39547,594,0,49321,Credit Card,3
10801,27,Female,68713,29795,518,0,66276,Auto Loan,4
10802,47,Female,49734,22447,794,0,70667,Home Loan,15
10803,67,Male,92588,37598,529,0,75635,Auto Loan,2
10804,62,Male,83646,42814,319,0,44962,Credit Card,17
10805,22,Female,23654,26215,447,0,61882,Personal Loan,13
10806,50,Male,109022,10794,407,0,90694,Auto Loan,14
10807,18,Male,38743,34209,702,1,33074,Personal Loan,16
10808,35,Female,68368,23424,782,0,42410,Personal Loan,0
10809,49,Male,110025,48246,666,1,74031,Home Loan,16
10810,64,Female,94172,38396,713,0,25686,Auto Loan,10
10811,66,Male,26441,7370,608,0,95281,Personal Loan,16
10812,28,Female,139735,10528,433,0,23313,Personal Loan,13
10813,38,Male,44611,29276,582,0,79312,Home Loan,19
10814,43,Male,139891,45333,372,0,86025,Home Loan,18
10815,42,Female,127971,9179,780,0,78782,Credit Card,6
10816,39,Male,32149,49781,651,0,19057,Personal Loan,12
10817,44,Female,120102,17843,625,1,28560,Credit Card,17
10818,66,Male,79189,24952,742,1,59366,Personal Loan,13
10819,30,Female,127904,34160,399,0,72604,Credit Card,0
10820,50,Female,41675,45898,358,0,85077,Home Loan,6
10821,51,Female,91031,30516,807,0,6580,Auto Loan,7
10822,58,Female,62668,11449,557,0,14354,Home Loan,17
10823,52,Male,33673,22125,712,1,68195,Credit Card,8
10824,18,Male,149582,8418,751,0,27525,Credit Card,0
10825,38,Female,96666,23746,364,0,53482,Auto Loan,16
10826,65,Female,108204,3454,453,1,41581,Personal Loan,18
10827,23,Female,100758,18761,565,0,4868,Credit Card,5
10828,45,Male,85429,16223,378,0,27594,Credit Card,2
10829,34,Male,43669,7701,614,0,46540,Credit Card,4
10830,22,Male,54068,3597,547,0,67266,Auto Loan,1
10831,48,Male,108789,1141,713,0,83553,Home Loan,19
10832,22,Female,29435,3659,324,0,24491,Credit Card,3
10833,55,Female,114088,21980,583,0,1801,Auto Loan,9
10834,20,Female,72249,10031,748,0,29110,Credit Card,9
10835,40,Male,57384,16037,600,0,81963,Personal Loan,10
10836,54,Male,148782,47738,367,0,35178,Auto Loan,15
10837,54,Male,101929,39429,306,0,24966,Credit Card,16
10838,27,Female,147959,7142,436,0,80940,Auto Loan,15
10839,27,Female,96153,13109,463,0,41375,Credit Card,6
10840,36,Male,124056,23010,382,0,26581,Home Loan,15
10841,34,Female,95388,9787,719,0,24854,Credit Card,2
10842,38,Male,51401,43864,372,0,93797,Auto Loan,15
10843,31,Male,145511,9472,536,0,18800,Personal Loan,7
10844,26,Female,91831,24383,345,0,64884,Personal Loan,11
10845,63,Male,139503,5249,561,0,95527,Personal Loan,2
10846,18,Female,135760,48717,475,0,61392,Credit Card,16
10847,68,Male,121529,35518,465,0,36025,Home Loan,17
10848,62,Female,147834,19351,669,0,27032,Credit Card,10
10849,30,Female,54084,5088,353,0,6964,Personal Loan,3
10850,21,Female,140387,16282,718,0,17062,Auto Loan,15
10851,18,Male,130641,20330,806,0,56014,Personal Loan,16
10852,66,Male,125111,43409,640,1,74719,Auto Loan,8
10853,57,Female,75826,22778,426,0,33134,Home Loan,5
10854,49,Female,56451,25264,708,0,560,Auto Loan,19
10855,51,Male,27227,6075,666,0,9769,Credit Card,1
10856,45,Male,51910,11412,570,0,63643,Credit Card,8
10857,48,Male,56041,49454,678,0,23565,Credit Card,5
10858,25,Female,108920,29365,372,0,3395,Auto Loan,2
10859,56,Male,85681,8230,547,0,81359,Credit Card,19
10860,43,Male,123314,49200,342,0,12852,Credit Card,5
10861,51,Female,101571,12002,676,0,50237,Credit Card,6
10862,20,Male,85481,14947,340,0,96926,Home Loan,0
10863,67,Male,88576,14686,469,0,32516,Auto Loan,0
10864,29,Male,127958,30304,511,0,61804,Auto Loan,4
10865,18,Female,149265,14074,792,1,12462,Personal Loan,5
10866,61,Female,147556,5493,338,0,33802,Auto Loan,12
10867,22,Female,84174,35228,668,1,85882,Home Loan,1
10868,47,Female,46160,15140,450,0,4511,Auto Loan,14
10869,47,Female,135170,32655,410,0,20282,Home Loan,14
10870,34,Female,137867,44472,779,0,68191,Home Loan,12
10871,65,Female,37633,7816,735,0,40225,Auto Loan,13
10872,64,Male,114880,12639,346,0,9696,Personal Loan,6
10873,40,Male,37014,48192,665,0,43959,Credit Card,13
10874,32,Female,100532,47733,368,0,87745,Credit Card,9
10875,54,Male,69104,30492,598,1,79363,Auto Loan,16
10876,38,Male,61621,12240,595,0,33269,Auto Loan,13
10877,31,Female,97231,33698,502,0,25200,Home Loan,7
10878,19,Male,88388,27957,360,0,80856,Auto Loan,3
10879,28,Male,36014,33808,613,0,76927,Home Loan,15
10880,68,Male,112578,6827,460,0,5769,Personal Loan,12
10881,56,Male,53755,33762,630,0,44380,Auto Loan,19
10882,55,Male,60390,9259,827,1,8820,Credit Card,17
10883,51,Female,43711,15849,637,0,50089,Credit Card,13
10884,55,Female,111658,17232,603,0,76776,Auto Loan,17
10885,67,Female,77993,41572,802,0,36397,Home Loan,4
10886,51,Male,94696,25173,637,1,59065,Credit Card,8
10887,35,Female,47213,6374,849,0,31430,Home Loan,2
10888,47,Male,135788,22174,574,0,57733,Auto Loan,7
10889,32,Male,124956,24567,463,0,83321,Auto Loan,19
10890,44,Male,77784,36292,742,0,14880,Credit Card,9
10891,68,Male,27421,10277,618,0,77396,Auto Loan,18
10892,51,Female,106936,32600,803,0,71434,Personal Loan,2
10893,69,Female,119073,10885,686,0,56330,Personal Loan,10
10894,55,Male,37727,1778,793,0,6029,Credit Card,10
10895,50,Female,132418,30165,789,0,95098,Personal Loan,16
10896,41,Male,24358,2492,372,0,83487,Home Loan,15
10897,32,Female,85108,31462,808,0,49678,Credit Card,6
10898,47,Female,146609,14615,689,0,7437,Credit Card,3
10899,59,Male,114018,45900,594,0,40386,Home Loan,18
10900,68,Female,144457,43946,668,0,50199,Personal Loan,11
10901,34,Male,52117,8851,848,0,76896,Personal Loan,14
10902,22,Female,108700,17288,486,0,91178,Personal Loan,10
10903,46,Male,51910,8156,744,1,25779,Credit Card,4
10904,21,Male,146888,3044,662,0,38606,Credit Card,4
10905,27,Female,118032,8368,422,0,80237,Personal Loan,14
10906,34,Female,75754,20900,487,0,41044,Auto Loan,17
10907,27,Male,82438,31600,719,0,9497,Personal Loan,10
10908,34,Female,129847,47403,551,0,86211,Home Loan,11
10909,37,Female,49371,26634,848,0,41360,Credit Card,1
10910,41,Male,71501,10168,634,0,3725,Home Loan,19
10911,22,Male,80946,21961,391,0,59970,Home Loan,14
10912,51,Female,58467,45096,829,0,64156,Credit Card,19
10913,23,Male,37625,47087,362,0,52380,Auto Loan,3
10914,19,Male,53893,24852,811,0,61578,Personal Loan,17
10915,30,Male,96329,34110,438,0,89146,Home Loan,5
10916,60,Female,51007,33174,484,1,76790,Credit Card,18
10917,60,Female,111302,35215,504,1,57133,Home Loan,10
10918,65,Male,59532,27955,513,0,27155,Personal Loan,1
10919,28,Female,74253,7581,555,0,44101,Auto Loan,7
10920,68,Male,32323,45619,434,0,3614,Auto Loan,10
10921,64,Female,131335,7317,387,0,27002,Auto Loan,4
10922,40,Male,132356,43856,506,0,50268,Credit Card,17
10923,33,Male,130944,46714,428,0,48628,Credit Card,17
10924,48,Female,93379,27649,302,0,20528,Auto Loan,13
10925,28,Male,34210,24132,420,0,56065,Personal Loan,9
10926,33,Female,36456,17789,684,0,83623,Personal Loan,2
10927,25,Female,51367,15567,337,0,35833,Credit Card,8
10928,21,Male,74624,15868,640,0,3674,Auto Loan,2
10929,57,Male,30106,25370,320,0,35898,Personal Loan,10
10930,21,Female,123493,43533,541,1,36429,Personal Loan,11
10931,42,Male,88008,31483,754,0,4821,Personal Loan,11
10932,20,Male,145926,13466,602,0,96471,Credit Card,2
10933,49,Male,135395,29803,368,1,55921,Auto Loan,6
10934,20,Male,136492,19230,428,1,73135,Home Loan,13
10935,44,Male,92240,18862,495,0,24260,Auto Loan,10
10936,46,Female,84315,44355,439,0,11860,Auto Loan,6
10937,49,Female,89249,32259,743,0,10813,Credit Card,9
10938,67,Male,90587,34539,582,0,86498,Personal Loan,10
10939,68,Male,30756,22909,611,0,6301,Personal Loan,14
10940,36,Male,88011,31795,834,0,14630,Credit Card,18
10941,38,Female,56378,9770,576,0,14771,Credit Card,15
10942,22,Male,24255,12093,360,0,16575,Credit Card,19
10943,35,Female,34484,47571,618,0,19484,Credit Card,11
10944,45,Female,145703,1193,351,0,88595,Credit Card,17
10945,59,Female,76549,35775,452,0,61442,Home Loan,12
10946,39,Male,54503,18569,610,0,13361,Auto Loan,4
10947,38,Female,144465,12190,843,0,99470,Auto Loan,3
10948,23,Male,93794,43752,688,0,82703,Auto Loan,13
10949,18,Female,145941,33327,847,0,71876,Personal Loan,7
10950,22,Male,126283,43070,476,1,61747,Home Loan,8
10951,58,Female,120732,21389,661,0,69601,Auto Loan,18
10952,29,Male,65113,41197,613,0,21477,Personal Loan,2
10953,43,Female,125730,3261,396,0,51117,Home Loan,4
10954,63,Male,94069,29369,512,0,57973,Home Loan,17
10955,51,Male,118117,27512,436,0,87154,Personal Loan,0
10956,66,Male,25249,7716,305,0,88677,Home Loan,7
10957,31,Male,145654,22259,408,0,73402,Personal Loan,18
10958,43,Female,139979,29933,846,0,92672,Auto Loan,16
10959,62,Female,39201,42689,338,0,16130,Personal Loan,16
10960,44,Male,145541,5378,724,0,20556,Home Loan,10
10961,26,Female,78576,41583,560,0,7882,Auto Loan,1
10962,43,Male,138562,47546,725,1,56239,Auto Loan,5
10963,64,Male,145281,20835,386,0,82185,Credit Card,13
10964,39,Female,29686,30033,764,0,49139,Credit Card,2
10965,64,Male,132413,25000,375,0,60338,Home Loan,11
10966,47,Male,73363,46496,770,0,46541,Personal Loan,3
10967,60,Female,117543,11332,713,0,1492,Personal Loan,11
10968,65,Male,20661,43604,756,0,72894,Home Loan,12
10969,34,Male,64843,3800,584,0,68157,Auto Loan,1
10970,43,Male,115673,30538,538,0,27660,Home Loan,1
10971,53,Male,80963,31119,671,0,45656,Home Loan,14
10972,18,Female,133092,9333,794,0,51875,Auto Loan,16
10973,25,Female,62828,6410,344,0,86942,Personal Loan,6
10974,66,Female,68604,18839,700,0,20072,Home Loan,13
10975,52,Male,30526,31519,546,0,4636,Personal Loan,11
10976,69,Male,88910,6808,749,0,62368,Home Loan,16
10977,32,Female,45592,7796,784,0,82763,Auto Loan,13
10978,64,Male,48982,22180,317,0,32667,Auto Loan,5
10979,39,Male,20207,44056,588,0,15979,Credit Card,18
10980,31,Male,120969,18709,713,0,31876,Auto Loan,5
10981,43,Male,137181,18543,534,1,5323,Credit Card,17
10982,45,Female,108733,38418,715,0,70956,Home Loan,4
10983,40,Female,118936,30075,798,0,20085,Personal Loan,5
10984,31,Female,144982,38755,414,0,17772,Auto Loan,1
10985,41,Male,145839,48968,533,0,27119,Auto Loan,7
10986,19,Female,88619,38465,839,0,75569,Auto Loan,14
10987,62,Female,49328,31502,310,0,40395,Home Loan,14
10988,43,Male,66479,17724,505,0,4220,Credit Card,10
10989,31,Male,128427,4828,546,0,19767,Home Loan,0
10990,68,Female,40103,18087,426,0,16196,Personal Loan,17
10991,24,Female,59891,13605,446,0,30468,Home Loan,11
10992,20,Female,30754,32337,417,1,53864,Personal Loan,11
10993,64,Female,119983,6482,681,0,23845,Auto Loan,10
10994,40,Male,101437,28005,711,0,52067,Personal Loan,7
10995,63,Female,118540,23760,662,0,91729,Personal Loan,6
10996,60,Female,92982,6463,808,0,62107,Credit Card,1
10997,64,Male,122747,47628,436,0,19885,Personal Loan,10
10998,62,Female,75922,5912,474,0,84158,Personal Loan,9
10999,35,Male,68231,5648,588,0,67400,Home Loan,2
11000,55,Male,49301,34623,780,0,68744,Auto Loan,19
